id,page,route,section,caption_in_code,purpose,dimensions,reuse_notes,subject,style_notes,prompt
BRAND-STYLE,(global reference — do not generate),(n/a),(n/a),(n/a),"Reference row. Every prompt below already embeds these style rules; this row exists so that a human reviewer or new model has the brand language in one place.",(n/a),"Used as the baseline for every other row in this CSV.",(n/a),"Brand visual language — Unite Medical: editorial documentary photography in the spirit of NYT Magazine, Monocle, Aesop campaigns, and Kinfolk. Shot on 35mm color film (Kodak Portra 400 feel) or medium format. Natural light, slight visible grain, shallow-but-not-bokeh-heavy depth of field. Color palette is warm and restrained: cream paper (#f7f2ea, #ede5d6), ink (#241a28), and small accents of deep plum (#5e2963) only when they appear naturally. Compositions are quiet, slightly off-center, with generous negative space on one side so that headline type can land on top. NO visible logos, NO visible text, NO recognizable celebrities, NO stock-photo gloss, NO fluorescent cyan hospital sheen, NO fake smiles, NO heavy retouching. Faces, when shown, should feel real and slightly weathered — like documentary subjects, not models. Hands and skin tones should be true to a wide range of real American workers. Equipment must look used, not new-in-box. 16:9 aspect ratio unless otherwise specified.","(see style_notes column)"
HOME-01,Homepage,/,"Hero (right column, beside H1)","warehouse floor, golden hour","Sets the visual thesis of the brand: a real working warehouse, late-afternoon light, calm and confident. Anchors the H1 ""The supply chain behind American medicine.""","16:9 wide hero, ~1920×1200 source so it crops to 500h on desktop and 280h on mobile. A small white inventory card overlays the bottom-left, so keep the lower-left third of the frame uncluttered.","Used only on Homepage hero, but the same shoot can supply ABOUT-01 and VET-01 if framing differs.","Wide interior of a medical-supply distribution warehouse at golden hour, end-of-aisle view down a pick path of beige cardboard cases on industrial pallet racks.","Editorial documentary, Portra 400 film aesthetic, warm cream-and-amber palette, low contrast. No people. No visible logos.","Editorial documentary photograph, shot on 35mm color film with Kodak Portra 400, of the interior of a working medical-supply distribution warehouse during late-afternoon golden hour. Camera is at human eye height, looking straight down a single pick path between two industrial pallet-rack runs that recede toward a far wall. The racks are stacked with plain beige and kraft cardboard cases, no visible brand logos, no visible text. Soft warm sunlight rakes in horizontally from a roll-up door at the end of the aisle, casting long warm-amber light on the polished concrete floor and turning the dust in the air visible. Color palette is cream, kraft brown, soft warm amber, with a faint deep-plum shadow under the racks. Composition leaves the lower-left third of the frame relatively quiet so a small UI card can overlay it. No people. Slight 35mm grain. No HDR. No glossy retouching. No fluorescent ceiling glare."
HOME-FEATURED-01,Homepage,/,"""In stock, shipping today"" — featured product card 1","knee brace, side view","Featured product tile linking to PDP for UM-ORTH-0412.","4:3 product tile, ~840×630 source so it crops to 210h on desktop and 140h on mobile.","Same asset as PROD-01 (Catalog tile + ProductDetail main).","Side-profile product photo of a black-and-grey hinged knee brace.","Reuses PROD-01 asset.","See PROD-01."
HOME-FEATURED-02,Homepage,/,"""In stock, shipping today"" — featured product card 2","test cassette on tray","Featured product tile linking to PDP for UM-DIAG-0077.","4:3 product tile, ~840×630.","Same asset as PROD-02.","COVID/Flu/RSV combo rapid-test cassette on a small lab tray.","Reuses PROD-02 asset.","See PROD-02."
HOME-FEATURED-03,Homepage,/,"""In stock, shipping today"" — featured product card 3","gloves, open box","Featured product tile linking to PDP for UM-PPE-1108.","4:3 product tile, ~840×630.","Same asset as PROD-03.","Open box of dark-blue chemo-rated nitrile exam gloves.","Reuses PROD-03 asset.","See PROD-03."
HOME-FEATURED-04,Homepage,/,"""In stock, shipping today"" — featured product card 4","wound dressing packet","Featured product tile linking to PDP for UM-WND-0231.","4:3 product tile, ~840×630.","Same asset as PROD-04.","Single hydrocolloid wound-dressing pouch on a clean kraft surface.","Reuses PROD-04 asset.","See PROD-04."
ABOUT-01,About,/about,"Editorial portrait below H1 ""Built by a soldier. Run like one.""","Damon Reed on the warehouse floor","Establishes the founder as a real, present operator — not a stock CEO photo. Damon Reed is a 22-year U.S. Army logistics veteran, in his late 40s, founder & CEO of Unite Medical (Lithia Springs, GA). Photo lives directly under the H1 and pairs with a paragraph about his service.","16:9 wide editorial photo, ~1920×1080, displays at 520h desktop / 280h mobile. Headline negative space is on the left third.","Same shoot can also supply VET-01; pick a different frame for each so the two pages don't feel identical.","Mid-40s former-Army-logistics man standing on a warehouse floor in Lithia Springs, GA, hands on hips, looking past camera, late-afternoon working light.","Editorial documentary portrait, Portra 400 film, warm and quiet, real-feeling. Subject is anonymous (we are casting a body double) — frame so the face is recognizable but does not need celebrity likeness.","Editorial documentary portrait shot on 35mm Kodak Portra 400 of a man in his mid-to-late 40s, white American, salt-and-pepper hair, weathered hands, wearing a plain dark-navy work polo with no visible logos and well-worn dark jeans. He is standing three-quarter angle to camera in the center aisle of a working medical-supply warehouse, hands relaxed on hips, looking off to camera-left toward a roll-up bay door where late-afternoon golden light rakes in. He is not smiling but is calm and present. Behind him, soft-focus pallet racks of plain kraft cardboard cases. Frame is 16:9 wide, subject sits on the right two-thirds, leaving the left third quiet for headline overlay. Warm cream and amber palette with a small natural plum-purple cast in the deep shadows. Slight film grain. No fluorescent ceiling glare, no HDR, no glossy retouching, no logos, no visible text. Documentary, not corporate."
VET-01,Veteran-owned,/about/veteran-owned,"Founder section beside ""22 years moving supplies.""","Damon Reed, Lithia Springs warehouse","Second portrait of the same founder. Lives on the Veteran-Owned page and should feel like a different frame from the same documentary shoot — slightly tighter, slightly more reverent, with a hint of his service background.","16:9 wide, ~1920×1080, displays at 520h desktop / 280h mobile.","Companion to ABOUT-01 (same shoot, different selection).","Same subject as ABOUT-01, slightly tighter, head-and-shoulders, still environmental.","Editorial portrait, slightly more contemplative than ABOUT-01.","Editorial documentary portrait, 35mm Kodak Portra 400, of the same mid-late-40s former-Army-logistics man as ABOUT-01. Tighter framing this time — head-and-shoulders, three-quarter angle, looking down and slightly away from camera as he holds a clipboard at chest height. He is wearing the same plain dark-navy work polo, no logos. Behind him, soft-focused metal pallet racking and a single warm tungsten dock light. Late-afternoon natural light from camera-right gives a warm rim on his hair and shoulder. Mood is reverent and quiet — a man taking stock of his operation. 16:9 wide, subject on the right, quiet kraft-and-amber background filling the left third. Slight film grain, no glossy retouching, no logos, no visible text, no fluorescent cyan."
SOL-01,Solutions,/solutions,"Active solution panel — ASC tab","OR turnover, golden hour","Lives in the right pane of the active-solution card on the Solutions page, paired with a description of how Unite serves Ambulatory Surgery Centers. Should suggest a calm, well-run OR room between cases — not a procedure in progress.","Tall portrait crop, ~1080×1500, displays at 520h desktop / 240h mobile.","Reused by BLOG-02 (cover for ""Procedure bundles 101"" post). Mood is identical; consider literal reuse.","Empty operating room mid-turnover: light blue surgical drapes folded on a stainless tray table, overhead lights dimmed, late-afternoon sun coming through a frosted side window.","Editorial documentary, warm and quiet despite the clinical subject. NOT brightly fluorescent.","Editorial documentary photograph, shot on medium-format film, of a quiet ambulatory-surgery-center operating room mid-turnover. The OR table has been freshly draped with neatly folded light-blue surgical drapes, a stainless instrument tray sits alongside with a clean prep towel, the overhead surgical lights are dimmed and angled away. Late-afternoon golden light filters through a frosted side window at camera-left, washing the polished epoxy floor in a warm amber-and-cream tone. No people. No patients. No blood. No procedure. The room reads as: prepared, calm, ready for the next case. Vertical 3:4 portrait composition with the OR table center-frame. Color palette: pale clinical blue, cream, warm amber light, deep ink shadow. Slight film grain. No HDR, no glossy retouch, no fluorescent cyan glare. No visible logos or text."
SOL-02,Solutions,/solutions,"Active solution panel — Independent Pharmacies tab","pharmacy counter, late afternoon","Right pane for the Pharmacy solution. Should evoke an independent (not chain) neighborhood pharmacy in a warm late-afternoon moment. Conveys ""we serve Holloway-style independents,"" not Walgreens.","Tall portrait crop, ~1080×1500, displays at 520h / 240h.","Solutions page only.","View across an independent pharmacy's wood front counter toward a wall of small drawer-style apothecary cabinets.","Wes-Anderson-adjacent symmetry but documentary, not whimsical.","Editorial documentary photograph, 35mm Kodak Portra 400, of an independent neighborhood pharmacy interior in a small American town, captured in late-afternoon light. Camera is just behind the customer side of a warm-stained-oak front counter, looking across the counter toward a back wall lined with small dark-walnut apothecary drawers labeled with handwritten brass card-holders. On the counter, a small white prescription bag, a brass bell, and a tidy stack of receipts. Warm sunlight from a storefront window at camera-left rakes across the wood and gives the room an amber, slightly nostalgic glow. No people. No customer face. No visible brand logos. Color palette: warm wood, cream, amber, faint deep-plum in the back-wall shadows. Slight film grain, no HDR, no glossy retouching, no clinical fluorescent light."
SOL-03,Solutions,/solutions,"Active solution panel — Government & VA tab","pallet of MSPV-tagged goods","Right pane for the Government solution. Conveys: real Berry-compliant pallets ready to ship under the MSPV BPA. Industrial, accountable, no theatre.","Tall portrait crop, ~1080×1500, displays at 520h / 240h.","Reused by BLOG-03 (cover for ""The MSPV BPA, in plain English"" post) — same asset.","A wrapped white-stretch-film pallet of plain kraft cases on a warehouse floor, with a single MSPV-style government routing tag clipped to the corner.","Documentary, slightly cool ink-and-cream palette with one warm light source.","Editorial documentary photograph, medium-format film, of a single freshly built government-shipment pallet on the polished concrete floor of a working US distribution warehouse. The pallet is a standard 48x40 wood pallet stacked four-high with plain kraft and beige cardboard cases (no visible brand logos), wrapped tight in clear stretch film. A single white-and-black government routing tag — generic, no specific agency markings — is clipped on the front-left corner at chest height. Soft warm tungsten dock light from camera-right gives the wrap a slight amber sheen; the rest of the warehouse falls into deep ink shadow. Vertical 3:4 portrait, pallet center-frame. Color palette: kraft brown, cream, deep ink, single amber accent. Slight film grain, no HDR, no glossy retouch, no fluorescent cyan, no visible text other than the small generic routing tag."
SOL-04,Solutions,/solutions,"Active solution panel — First Responders & EMS tab","IFAK on tailboard","Right pane for the EMS solution. Single CoTCCC-style Individual First Aid Kit laid out on the back of a fire/EMS rig — quiet, professional, ready.","Tall portrait crop, ~1080×1500, displays at 520h / 240h.","Solutions page only.","Open black IFAK pouch on the painted-steel tailboard of a fire-engine pumper, contents arranged neatly: tourniquet, hemostatic gauze, chest seal, shears.","Documentary, ink-and-amber palette, single hard-light source like a bay-door lamp.","Editorial documentary photograph, 35mm color film, of a single black nylon Individual First Aid Kit (IFAK) opened and laid flat on the painted ink-red painted-steel tailboard step at the rear of a parked fire-engine pumper inside a fire-station bay. Contents are arranged neatly side by side: a black-handled CAT-style tourniquet, a sealed pouch of hemostatic gauze, an occlusive chest-seal foil pouch, trauma shears, a pair of black nitrile gloves. No brand logos visible. A single warm tungsten bay-light from camera-right rakes across the contents giving them a warm amber rim, the rest of the bay falls into deep ink shadow. Composition vertical 3:4, kit center-frame. Color palette: ink black, deep red truck paint, warm amber, cream gauze. Slight film grain, no HDR, no glossy retouch, no fluorescent ceiling glare."
SOL-05,Solutions,/solutions,"Active solution panel — Regional Distributors tab","container yard at dawn","Right pane for the Distributor solution. Conveys: FDA-registered import partner, transparent landed cost. Dawn light, container yard, real working port logistics.","Tall portrait crop, ~1080×1500, displays at 520h / 240h.","Reused by BLOG-04 (cover for ""Tariff volatility, Q2 2026"" post) — same asset.","Stacked maritime shipping containers in a US port container yard at predawn / first-light, soft mist on the asphalt, no people.","Documentary, cool blue-grey predawn palette with one warm sodium-light accent.","Editorial documentary photograph, medium-format film, of a US port container yard at predawn first light. Camera at human height, looking down a long alley between two stacks of weathered shipping containers two-and-three-high. Container colors are muted — faded oxide red, deep navy, rust grey — no visible logos, no visible carrier branding, no visible characters or numbers other than vague soft-focused identifiers in the far distance. Soft cool blue-grey ambient light from the rising sun mixes with one warm sodium-vapor yard lamp at the far end of the alley. Faint mist on the asphalt. No people. No vehicles. Vertical 3:4 portrait composition. Palette: muted oxide red, navy, cool blue-grey, single warm sodium accent. Slight film grain, no HDR, no neon-bright retouch."
BLOG-01,Blog index + Blog post,"/blog and /blog/mckesson-medsurg-spinoff",Cover image,"warehouse, dawn shift","Featured cover for ""McKesson is spinning off Med-Surg. What it means for ASCs."" Procurement-category post. Should imply early-morning work — first shift, first lights on.","16:9 wide cover, ~1600×900. Displayed at 380h on the index featured slot, 420h on the article hero.",Blog only.,"Wide interior of a medical-supply warehouse just as the first shift arrives — overhead lights starting to come on, first pallet jack moving down a far aisle, predawn blue still in the high windows.","Documentary editorial, warm-amber dock lights against cool-blue predawn windows.","Editorial documentary photograph, 35mm color film (Portra 400 feel), of a working medical-supply distribution warehouse interior at the start of the early shift. Wide composition looking down the main center aisle between rows of industrial pallet racking stacked with plain kraft cases (no brand logos). Half the overhead high-bay LEDs have just come on, throwing pools of warm amber light onto the polished concrete floor; the other half are still off so the room recedes into a soft cool-blue ambient. High clerestory windows at the far end show a flat predawn navy sky. In the deep mid-ground, a single anonymous worker in a dark hi-vis vest moves a manual pallet jack — silhouetted, no face. Composition 16:9. Palette: cool predawn blue, warm amber pools, kraft brown. Slight film grain, no HDR, no fluorescent cyan, no visible logos or text."
BLOG-02,Blog index + Blog post,"/blog and /blog/asc-procedure-bundles-101",Cover image,"OR turnover, late afternoon","Cover for ""Procedure bundles 101: how to build a case cart that actually saves time."" ASC category.","16:9 wide cover, ~1600×900.","Reuse SOL-01 directly — same OR-turnover frame works perfectly here. Mark in the asset library so the same file ships to both pages.","Same subject as SOL-01.","Reuses SOL-01 asset. If you want a second frame from the same shoot, choose a slightly wider angle that includes the case-cart trolley parked next to the OR table.","Reuses SOL-01 (see SOL-01 prompt). Optional second frame: same OR-turnover scene, but pull the camera back so a stainless case-cart trolley with a stack of folded blue drapes is visible camera-left. Same lighting, same palette."
BLOG-03,Blog index + Blog post,"/blog and /blog/va-mspv-bpa-explained",Cover image,"pallet of MSPV-tagged goods","Cover for ""The MSPV BPA, in plain English."" Government category.","16:9 wide cover, ~1600×900.","Reuse SOL-03 directly — same MSPV-pallet frame.","Same subject as SOL-03.","Reuses SOL-03 asset. If a second frame is needed, choose one with the routing tag in tighter focus.","Reuses SOL-03 (see SOL-03 prompt). Optional second frame: same pallet, but tighter — composition centered on the routing tag at the corner of the wrapped pallet, slight depth-of-field on the kraft cases behind. Same lighting and palette."
BLOG-04,Blog index + Blog post,"/blog and /blog/tariff-volatility-q2-2026",Cover image,"container yard at dawn","Cover for ""Tariff volatility, Q2 2026."" Procurement category.","16:9 wide cover, ~1600×900.","Reuse SOL-05 directly — container-yard-at-dawn frame.","Same subject as SOL-05.","Reuses SOL-05 asset.","Reuses SOL-05 (see SOL-05 prompt). Optional second frame: same yard at first light, but composed wide enough to show one stacking crane silhouette in the distance against the predawn sky."
PORT-01,Portfolio,/portfolio,"Case study card 1","atlanta surgical center","Case-study cover for Atlanta Surgical Center (ASC, 4 ORs, 38% supply spend reduction).","16:9 card, ~1600×900, displays at 220h desktop / 160h mobile.",Portfolio only.,"Quiet exterior of a small-format ambulatory surgery center building in suburban Atlanta — clean modern brick-and-glass facade, mature trees, shot from the patient drop-off lane.",Documentary editorial.,"Editorial documentary photograph, 35mm color film, of a small-format ambulatory surgery center building in a leafy suburban Atlanta office park. Single-story modern facade of warm red brick and dark-bronze aluminum window frames, a clean covered drive-through patient drop-off lane in the foreground, mature southern oaks framing camera-left. Late-morning sun gives the brick a warm cast. No visible signage or logos. No people. No cars. 16:9 wide. Palette: warm brick red, deep bronze, summer green, cream sky. Slight film grain, no HDR, no glossy retouch."
PORT-02,Portfolio,/portfolio,"Case study card 2","holloway apothecary","Case-study cover for Holloway Apothecary (independent pharmacy, Macon GA, $420K new revenue/yr).","16:9 card, ~1600×900.",Portfolio only.,"Storefront of an independent neighborhood apothecary on a quiet small-Georgia-town main street — historic brick, mid-century awning, hand-painted window lettering.",Documentary editorial.,"Editorial documentary photograph, 35mm color film, of the storefront of a small independent neighborhood apothecary on a brick-paved main street in a small Georgia town. Two-story late-1800s warm-red-brick building, a faded burgundy fabric awning above large display windows, ornate cast-iron column at the corner. Hand-painted gold-and-black lettering on the storefront window suggests an apothecary but is illegible / abstract — no real brand name visible. Late-afternoon golden light falls across the brick. No people in frame. 16:9 wide. Palette: warm brick red, burgundy, cream, faded gold. Slight film grain, no HDR, no glossy retouch."
PORT-03,Portfolio,/portfolio,"Case study card 3","va medical center · dublin","Case-study cover for VA Medical Center, Dublin GA (government, 14-day first-PO-to-delivery).","16:9 card, ~1600×900.",Portfolio only.,"Loading dock of a mid-sized VA medical center receiving a delivery — clean institutional masonry, single semi-trailer backed in, dock worker silhouette.","Documentary editorial. NO actual VA seals or government logos visible. Implied government dock, not specifically identifiable.","Editorial documentary photograph, 35mm color film, of a clean institutional medical-receiving loading dock at a mid-sized regional hospital, mid-morning. A single white plain unmarked semi-trailer is backed into one of the dock bays at camera-left, dock plate down, doors open showing stacked plain kraft cases. A single anonymous warehouse worker in a navy work jacket and dark watch cap stands at the far end of the dock with a clipboard, silhouetted, no face. Surrounding architecture is clean tan-brick institutional masonry, no signage, no flags, no government seals. Wide 16:9 composition. Palette: tan brick, dock-grey concrete, kraft cardboard, ink shadow, single warm sodium dock-lamp accent. Slight film grain, no HDR, no glossy retouch, no visible logos or text."
PORT-04,Portfolio,/portfolio,"Case study card 4","medone distributors","Case-study cover for MedOne Distributors (regional distributor, +$1.2M new GMV in Q1, white-label drop-ship).","16:9 card, ~1600×900.",Portfolio only.,"Mid-shot of a regional distributor's pick-and-pack station — conveyor line, sorted cartons being labeled, anonymous gloved hands working a label printer.",Documentary editorial.,"Editorial documentary photograph, 35mm color film, of a working pick-and-pack station inside a regional medical-supply distribution center. Camera is at chest height looking diagonally across a low-profile conveyor line covered with mid-flight kraft shipping cartons of varying sizes. Two pairs of anonymous gloved hands (no faces visible) are at work — one peeling a freshly printed thermal label off a desktop label printer, the other smoothing it onto a carton. Soft overhead industrial daylight tubes give a clean cool light, with one warm task-lamp at the labeler giving an amber accent. No visible logos on any carton or device. 16:9 wide. Palette: kraft brown, cool grey, deep ink, warm amber accent. Slight film grain, no HDR, no glossy retouch."
PORT-05,Portfolio,/portfolio,"Case study card 5","cobb county ems","Case-study cover for Cobb County EMS (38 rigs on monthly restock, CoTCCC kits).","16:9 card, ~1600×900.",Portfolio only.,"Side view of a row of three parked EMS ambulances inside an apparatus bay, doors open, restock supplies staged on the bay floor.","Documentary editorial. Generic ambulance livery, not specific to a real agency.","Editorial documentary photograph, 35mm color film, of three boxy modern Type-III ambulances parked in a row inside a clean concrete-floored apparatus bay, side doors open. On the bay floor between rigs are neat staged stacks of plain kraft restock cartons and a single rolling supply cart. The ambulances are painted plain white with a single muted red horizontal stripe — no city name, no agency badge, no chevrons identifying a real department. One overhead warm tungsten bay light is on, mixing with cool ambient daylight from the open bay door at camera-left. No people. 16:9 wide. Palette: clean white, muted red stripe, cool grey concrete, warm amber pool. Slight film grain, no HDR, no glossy retouch, no visible department text or logos."
PORT-06,Portfolio,/portfolio,"Case study card 6","sunrise asc","Case-study cover for Sunrise ASC (6-OR, mid-McKesson-transition account, 48 hr first dock-to-OR).","16:9 card, ~1600×900.",Portfolio only.,"A single freshly delivered case cart parked outside an OR door — sterile blue wrap stacks, lid label visible-but-illegible, late-day light from a corridor window.",Documentary editorial.,"Editorial documentary photograph, 35mm color film, of the staging corridor of an ambulatory surgery center. A single stainless-steel case cart on casters is parked just outside a closed double OR door, lid flipped open, its top tray stacked with neatly arranged sterile-blue wrapped surgical packs of varying sizes, a small generic kraft inventory label clipped to the cart handle (illegible / abstract). Late-afternoon light from a corridor window at camera-left rakes across the stainless steel and the blue wraps. No people. 16:9 wide. Palette: pale clinical blue, brushed stainless, warm amber light, cream wall. Slight film grain, no HDR, no glossy retouch, no readable text, no logos."
ASC-01,Segment · ASC,/segments/asc,"""Shop by procedure"" — bundle card","OR tray · Total knee arthroplasty","Top-down product photo of an OR instrument tray prepared for a Total Knee Arthroplasty case (CPT 27447). 34 SKUs in the bundle.","4:3 card, ~1200×900, displays at 190h.",ASC segment only.,"Overhead flat-lay of a sterile-blue draped instrument tray with a curated set of orthopedic surgical instruments and consumables for a total-knee case.","Top-down editorial flat-lay, sterile-blue background, soft overhead light. NOT clinical-fluorescent.","Editorial top-down flat-lay photograph, medium-format film, of a stainless instrument tray draped in pale-clinical-blue sterile cloth, photographed straight overhead against a same-blue draped surrogate background. On the tray, neatly arranged in two rows: orthopedic chisels, a small mallet, bone cement spatula, a sealed sterile pouch, two foil-wrapped suture packs, a pair of large bandage scissors, a pre-shaped sterile gauze stack, a small plain kraft bundle label with an illegible alphanumeric code. No real brand logos. 4:3 composition, tightly cropped to the tray. Soft cool natural overhead daylight from a north window. Palette: pale clinical blue, brushed stainless, cream label. Slight film grain, no HDR, no glossy retouch."
ASC-02,Segment · ASC,/segments/asc,"""Shop by procedure"" — bundle card","OR tray · Cataract extraction + IOL","Top-down OR tray for cataract extraction with intraocular lens (CPT 66984). 18 SKUs.","4:3 card, ~1200×900.",ASC segment only.,"Overhead flat-lay of a small ophthalmic instrument tray.","Top-down editorial flat-lay, sterile-blue base.","Editorial top-down flat-lay photograph, medium-format film, of a small stainless ophthalmic instrument tray on pale-clinical-blue sterile cloth, photographed straight overhead. Arranged on the tray: a pair of fine micro-forceps, a curved capsulorhexis forceps, a small lid speculum, a single foil-wrapped IOL injector pouch, two glass eye-drop bottles with abstract no-brand labels, a small folded sterile drape, and a small kraft bundle label. No real brand logos. 4:3 composition, tightly cropped. Soft cool overhead north-window daylight. Palette: pale clinical blue, brushed stainless, cream. Slight film grain, no HDR, no glossy retouch."
ASC-03,Segment · ASC,/segments/asc,"""Shop by procedure"" — bundle card","OR tray · Colonoscopy with biopsy","Top-down GI tray for colonoscopy + biopsy (CPT 45380). 22 SKUs.","4:3 card, ~1200×900.",ASC segment only.,"Overhead flat-lay of a colonoscopy procedure tray.","Top-down editorial flat-lay, sterile-blue base.","Editorial top-down flat-lay photograph, medium-format film, of a sterile-blue draped GI procedure tray photographed straight overhead. Arranged on the tray: a coiled sterile-packed biopsy forceps, three labeled specimen vials with abstract no-brand labels, two foil packs of sterile lubricant, a sealed pouch of large bite blocks, neatly stacked sterile gauze, a small kraft bundle label. No real brand logos. 4:3 composition. Soft cool north-window overhead daylight. Palette: pale clinical blue, brushed stainless, cream. Slight film grain, no HDR, no glossy retouch."
ASC-04,Segment · ASC,/segments/asc,"""Shop by procedure"" — bundle card","OR tray · Shoulder arthroscopy","Top-down OR tray for shoulder arthroscopy (CPT 29827). 28 SKUs.","4:3 card, ~1200×900.",ASC segment only.,"Overhead flat-lay of an arthroscopic shoulder tray.","Top-down editorial flat-lay, sterile-blue base.","Editorial top-down flat-lay photograph, medium-format film, of a sterile-blue draped arthroscopy tray photographed straight overhead. Arranged on the tray: a coiled sterile arthroscopic shaver tubing pack, a small set of suture anchors in foil pouches, two pre-cut sterile drape packs, a curved trocar in its sleeve, two foil-wrapped suture packs, a small generic kraft bundle label. No real brand logos. 4:3 composition. Soft cool north-window overhead daylight. Palette: pale clinical blue, brushed stainless, cream. Slight film grain, no HDR, no glossy retouch."
ASC-05,Segment · ASC,/segments/asc,"""Shop by procedure"" — bundle card","OR tray · Carpal tunnel release","Top-down OR tray for carpal tunnel release (CPT 64721). 14 SKUs — a smaller, simpler tray.","4:3 card, ~1200×900.",ASC segment only.,"Overhead flat-lay of a small hand-surgery tray.","Top-down editorial flat-lay, sterile-blue base.","Editorial top-down flat-lay photograph, medium-format film, of a small stainless hand-surgery tray on pale-clinical-blue sterile cloth, straight overhead. Arranged on the tray: a #15 scalpel in a sealed foil pack, a small skin retractor, fine-tip needle holders, a small suture pack, a folded hand drape, a single kraft bundle label. Sparser than the other ASC trays — leave deliberate negative space. No real brand logos. 4:3 composition. Soft cool overhead daylight. Palette: pale clinical blue, brushed stainless, cream. Slight film grain, no HDR, no glossy retouch."
ASC-06,Segment · ASC,/segments/asc,"""Shop by procedure"" — bundle card","OR tray · Cardiac catheterization","Top-down cath-lab tray for cardiac catheterization (CPT 93458). 41 SKUs — densest tray.","4:3 card, ~1200×900.",ASC segment only.,"Overhead flat-lay of a dense cardiac-cath supply tray.","Top-down editorial flat-lay, sterile-blue base, denser than the others.","Editorial top-down flat-lay photograph, medium-format film, of a wide stainless cardiac-cath supply tray on pale-clinical-blue sterile cloth, straight overhead. Densely but neatly arranged: coiled diagnostic catheter packs (sealed clear pouches), a coiled sheath introducer pack, two manifold tubing kits, three contrast-syringe packs, two coiled guidewire pouches, a small stack of sterile drapes, a kraft bundle label. The composition feels precise and full but not crowded. No real brand logos. 4:3 composition. Soft cool overhead daylight. Palette: pale clinical blue, brushed stainless, cream. Slight film grain, no HDR, no glossy retouch."
EMS-01,Segment · EMS,/segments/ems,"Bundle card 1","march algorithm trauma kit","Single CoTCCC-aligned MARCH-algorithm IFAK trauma kit, photographed product-style.","3:2 card, ~1200×800, displays at 200h desktop / 140h mobile (left side of split card).",EMS segment only.,"Black nylon IFAK pouch open and laid flat, contents arranged in MARCH order: tourniquet, hemostatic gauze, occlusive seal, NPA, gloves, gauze.",Editorial product photo on warm cream paper background.,"Editorial product photograph, medium-format film, of a single black ballistic-nylon IFAK trauma pouch laid open on a warm cream paper background, photographed slightly above eye level. Contents arranged in a single neat horizontal row in MARCH algorithm order from left to right: a CAT-style black-handled tourniquet, a sealed pouch of hemostatic gauze, an occlusive chest-seal foil pouch, a clear nasopharyngeal-airway pouch, a pair of folded black nitrile gloves, a roll of compressed gauze. No brand logos visible. Soft natural side light from camera-left. 3:2 composition with the kit centered. Palette: ink black, kraft cream paper, dark olive nylon webbing. Slight film grain, no HDR, no glossy retouch."
EMS-02,Segment · EMS,/segments/ems,"Bundle card 2","mass casualty rapid response","Large rolling MCI rapid-response case for 10-patient treatment, photographed in-environment.","3:2 card, ~1200×800.",EMS segment only.,"Hard-shell rolling Pelican-style mass-casualty case open on the apparatus-bay floor, foam interior visible with sectioned compartments.","Editorial product photo, in apparatus-bay environment.","Editorial product photograph, medium-format film, of a large hard-shell rolling Pelican-style mass-casualty response case opened flat on the polished concrete floor of a clean fire-station apparatus bay. The interior pluck-foam is sectioned into clearly defined compartments holding bundled triage tags in colored bands (green, yellow, red, black), a row of black tourniquets, sealed packs of trauma dressings, oropharyngeal airway kits, and a small radio. Lid label is plain — no agency identifier. Warm bay-light from camera-right rakes across the foam. No people. No visible logos. 3:2 composition. Palette: ink black, dark olive, kraft cream, warm amber accent, small triage-color flecks. Slight film grain, no HDR, no glossy retouch."
EMS-03,Segment · EMS,/segments/ems,"Bundle card 3","ems truck restock bundle","Monthly per-rig EMS restock bundle, presented as staged kraft cartons + checklist.","3:2 card, ~1200×800.",EMS segment only.,"Three plain kraft cartons of restock supplies stacked beside a clipboard checklist on a fire-station bay floor next to the rear bumper of an ambulance.","Editorial documentary, warm and orderly.","Editorial documentary photograph, 35mm color film, of three plain kraft cardboard restock cartons stacked two-high-and-one beside a metal clipboard with a printed checklist, on the polished concrete floor of a fire-station apparatus bay. Just visible at camera-right: the rear bumper and lower body of a parked ambulance with plain white paint and a muted red stripe (no department name). One warm tungsten bay light from above-right gives the cartons a warm amber rim. No brand logos. No visible legible text on the checklist (abstract typography is fine). 3:2 composition. Palette: kraft brown, cool grey concrete, white paint, muted red, warm amber. Slight film grain, no HDR, no glossy retouch."
EMS-04,Segment · EMS,/segments/ems,"Bundle card 4","fire dept · ems ready pack","NFPA 1917-aligned fire-department EMS ready pack — large red-trimmed bag, opened to reveal contents.","3:2 card, ~1200×800.",EMS segment only.,"Large red-and-black EMS jump bag opened on a fire-station bay tabletop, contents visible.",Editorial product photo.,"Editorial product photograph, medium-format film, of a large red-and-black EMS jump bag opened flat on a warm-stained-wood fire-station table top. Contents visible inside the open compartments: stethoscope, BP cuff, sealed packs of trauma dressings, oropharyngeal airway set, splint roll, two black nitrile glove boxes. Bag exterior is plain red with reflective black accents — no department patches, no chevrons, no real brand logos. Warm overhead bay light from camera-right. 3:2 composition, bag centered. Palette: fire red, ink black, kraft cream, warm amber. Slight film grain, no HDR, no glossy retouch, no visible text or logos."
PDAC-01,Service · PDAC Consulting,/services/pdac,"Right column beside ""3-phase engagement""","PDAC letter, marked up","A single PDAC determination letter on a desk, marked up in red ink. Conveys the editorial / consulting nature of the service.","3:4 portrait, ~900×1200, displays at 380h desktop / 200h mobile.",PDAC service page only.,"Top-down view of a single white PDAC-style letterhead document on a warm-stained walnut desk, with red-pen margin notes, a fountain pen alongside.","Editorial documentary product still-life. Letter content abstract / illegible. NO actual CMS, PDAC, or real DMEPOS letterhead visible.","Editorial top-down photograph, medium-format film, of a single sheet of white US-Letter-sized paper laid on a warm-stained walnut desk, photographed straight overhead. The page is laid out like a formal determination letter — generic government-style header block (abstract / illegible), three short paragraphs of body text (abstract, blurred / out-of-focus enough to be unreadable), and a signature block at the bottom. In the right margin, hand-written red-ballpoint notes circle a phrase mid-page and an arrow points to the signature line. Beside the page rests a black resin fountain pen and a small kraft-paper sticky note with a single illegible scribble. Soft warm window light from camera-left. 3:4 portrait composition. Palette: cream paper, warm walnut, red ink, black resin pen. Slight film grain, no HDR, no glossy retouch, no readable text, no real letterhead, no real agency seal."
EDU-01,Service · Education,/services/education,"Course card — in-person courses (3 instances)","Atlanta lab","Header image for in-person course cards (Certified Fitter Orthotic, ASC Materials Management 2026, Wound Care: selection & billing).","3:2 card, ~1200×800, displays at 160h.","Used for all 3 in-person course cards on this page.","Wide shot of a quiet hands-on training lab — neat row of work tables, fitting tools laid out, late-morning natural light through clerestory windows.",Documentary editorial.,"Editorial documentary photograph, 35mm color film, of a quiet hands-on medical-training classroom in Atlanta, mid-morning. Wide composition of a long row of three pale-wood work tables, each set up with a different hands-on station: orthotic-fitting tools and a foam mannequin lower-leg on one, neatly stacked sterile sample wound dressings on the next, a clipboard and a sample case-cart label on the third. Bright but soft natural daylight from clerestory windows at camera-left fills the room. No people. 3:2 composition. Palette: warm pale wood, cream wall, soft daylight, small flecks of clinical blue and skin-tone foam. Slight film grain, no HDR, no glossy retouch, no fluorescent ceiling glare, no visible logos or text."
EDU-02,Service · Education,/services/education,"Course card — live online courses (3 instances)","live online","Header image for live-online course cards (HCPCS Level II, PDAC Submission Masterclass, Incontinence product formulary).","3:2 card, ~1200×800, displays at 160h.","Used for all 3 live-online course cards on this page.","Over-the-shoulder view of a learner at a home or small-office desk on a video-class call.",Documentary editorial.,"Editorial documentary photograph, 35mm color film, over-the-shoulder view from behind an anonymous learner sitting at a small home desk in front of a 27-inch monitor. The monitor displays a generic video-class layout (one instructor tile and a grid of small participant tiles, all blurred / abstract enough that no faces or identifiers are legible — no real brand UI, no Zoom or Teams logos visible). On the desk: an open spiral notebook with hand-drawn diagrams (abstract), a ceramic mug of coffee, and a pair of horn-rimmed reading glasses. Warm side window light from camera-left. The learner's back of head and shoulder is in soft focus. 3:2 composition. Palette: cream wall, warm wood desk, soft amber light, small cool monitor glow. Slight film grain, no HDR, no glossy retouch, no readable text, no recognizable software UI."
DIST-01,Service · Distribution,/services/distribution,"Left column beside ""How we ship to you""","warehouse · pick path","Wide pick-path image illustrating the distribution operation. Pairs with a numbered 5-step shipping process on the right.","16:9 wide, ~1920×1080, displays at 520h desktop / 240h mobile.","Distribution service page only — but visually similar to HOME-01; choose a different aisle / camera angle so the two don't read as identical.","Anonymous picker walking a labeled pick path between two pallet rack runs, scanner in hand, mid-stride.",Documentary editorial.,"Editorial documentary photograph, 35mm color film, of an anonymous warehouse picker mid-stride walking down a clearly marked pick path between two long pallet-rack runs in a working medical-supply distribution center. The picker is in soft focus, three-quarters from behind, wearing a plain dark hi-vis vest, a handheld barcode scanner held at hip height. Foreground racks are sharp — neatly stacked plain kraft cases (no brand logos). Painted yellow pick-path lines on the polished concrete floor lead the eye toward a far roll-up dock door where warm afternoon light spills in. 16:9 wide. Palette: kraft brown, warm amber light, hi-vis lime accent, deep ink shadow. Slight film grain, no HDR, no fluorescent cyan, no readable text, no logos."
PROD-01,Catalog + PDP + Homepage Featured,"/catalog, /products/UM-ORTH-0412, /","Product tile + PDP main + homepage featured","knee brace, side view","Hero product photo for SKU UM-ORTH-0412 — PDAC-Approved Knee Brace (HCPCS L1832). Used as the primary catalog tile (210h), homepage featured tile (210h), and PDP main image (560h).","Square / 4:3 product, ~1600×1200 source so it crops cleanly at all sizes. Plus 4 alternate angles for the PDP thumbnail strip (front, back, detail, packaging) at ~600×600 each.","Single asset (plus thumb set) used on Catalog, Homepage Featured, PDP main.","Black-and-grey hinged knee brace, side profile, on warm cream paper.","Editorial product photo on warm cream seamless. NO brand logos. Real-product feel, not glossy.","Editorial product photograph, medium-format film, of a single hinged orthotic knee brace shot on a warm cream seamless paper background. Brace is dark grey neoprene with black nylon straps and brushed-aluminum side hinges, photographed in side profile so both hinges and the strap routing are clearly visible. No real brand logos. Soft natural daylight from camera-left, gentle drop shadow under the brace. 4:3 composition with the brace center-right, leaving negative space at left for type. Plus 4 alternate-angle frames of the same brace on the same background for the PDP thumbnail strip: 1) front (straps facing camera), 2) back (closure visible), 3) detail (close crop on a hinge), 4) packaging (a plain kraft retail box, lid open, brace visible inside on white tissue). Palette: cream, dark grey, brushed aluminum. Slight film grain, no HDR, no glossy retouch, no logos."
PROD-02,Catalog + PDP + Homepage Featured,"/catalog, /products/UM-DIAG-0077, /",Product tile + PDP main + homepage featured,"test cassette on tray","Hero photo for SKU UM-DIAG-0077 — COVID/Flu A+B/RSV 3-in-1 rapid test (25 ct).","4:3 product, ~1600×1200 main + 4 angle thumbs.",Single asset (plus thumb set).,"Single rapid-test cassette laid on a small white lab tray with a foil-wrapped swab and a buffer vial.",Editorial product photo on warm cream seamless.,"Editorial product photograph, medium-format film, of a single rapid-test cassette (white plastic, three labeled test windows abstracted, no real brand logos) laid on a small white lab tray on a warm cream seamless paper background. Beside the cassette: a foil-wrapped sterile swab pack and a small buffer-solution dropper vial. Soft natural daylight from camera-left. 4:3 composition. Plus 4 alternate-angle thumbs: 1) front (cassette face-up), 2) back (cassette flipped), 3) detail (close crop on the test windows), 4) packaging (a plain white retail box of the test). Palette: cream, white plastic, foil silver. Slight film grain, no HDR, no glossy retouch, no real brand text or logos."
PROD-03,Catalog + PDP + Homepage Featured,"/catalog, /products/UM-PPE-1108, /",Product tile + PDP main + homepage featured,"gloves, open box","Hero photo for SKU UM-PPE-1108 — Nitrile Exam Gloves, Chemo-Rated (100 ct).","4:3 product, ~1600×1200 main + 4 angle thumbs.",Single asset (plus thumb set).,"Open dispenser box of dark-blue chemo-rated nitrile exam gloves, two gloves slightly pulled out of the slot.",Editorial product photo on warm cream seamless.,"Editorial product photograph, medium-format film, of an opened dispenser box of dark-blue chemo-rated nitrile exam gloves on a warm cream seamless paper background. Two gloves are pulled partway out of the dispenser slot, draping naturally. Box is plain kraft cardboard with one small abstract no-brand label. Soft natural daylight from camera-left. 4:3 composition. Plus 4 angle thumbs: 1) front (dispenser slot facing camera), 2) back (plain box back), 3) detail (close crop on a single glove showing texture), 4) packaging (case of 10 boxes stacked). Palette: cream, deep navy-blue glove, kraft brown box. Slight film grain, no HDR, no glossy retouch, no real brand text or logos."
PROD-04,Catalog + PDP + Homepage Featured,"/catalog, /products/UM-WND-0231, /",Product tile + PDP main + homepage featured,"wound dressing packet","Hero photo for SKU UM-WND-0231 — Hydrocolloid Dressing 4×4 (10 ct, HCPCS A6234).","4:3 product, ~1600×1200 main + 4 angle thumbs.",Single asset (plus thumb set).,"Single sealed foil hydrocolloid dressing pouch on cream paper.",Editorial product photo on warm cream seamless.,"Editorial product photograph, medium-format film, of a single sealed white-and-foil hydrocolloid wound-dressing pouch on a warm cream seamless paper background. Pouch is rectangular, ~4x4 inches, with abstract no-brand markings. Soft natural daylight from camera-left, gentle drop shadow. 4:3 composition. Plus 4 angle thumbs: 1) front (pouch face-up), 2) back, 3) detail (close crop on the seal edge), 4) packaging (a 10-count kraft outer carton). Palette: cream, white pouch, faint silver foil. Slight film grain, no HDR, no glossy retouch, no real brand text."
PROD-05,Catalog + PDP,"/catalog, /products/UM-IV-5510",Product tile + PDP main,"iv saline bags","Hero photo for SKU UM-IV-5510 — 0.9% Sodium Chloride 1000mL (12 ct).","4:3 product, ~1600×1200 main + 4 angle thumbs.",Single asset (plus thumb set).,"Single 1000mL clear IV saline bag on a stainless drip pole, plus the carton base it ships in.",Editorial product photo on warm cream seamless.,"Editorial product photograph, medium-format film, of a single 1000mL clear IV-bag of 0.9% sodium chloride hanging from a slim brushed-stainless drip-pole hook against a warm cream seamless paper background. Bag is clear with abstract no-brand label printing visible but illegible. Soft natural daylight from camera-left. 4:3 composition with the bag center-frame, drip pole at right. Plus 4 angle thumbs: 1) front, 2) back (label flipped), 3) detail (close crop on the spike port), 4) packaging (a 12-count kraft case opened to show bags inside). Palette: cream, clear/white, brushed stainless. Slight film grain, no HDR, no glossy retouch, no real brand text."
PROD-06,Catalog + PDP,"/catalog, /products/UM-ORTH-0556",Product tile + PDP main,"walker boot, 3/4","Hero photo for SKU UM-ORTH-0556 — Pneumatic Walker Boot, Tall (HCPCS L4361).","4:3 product, ~1600×1200 main + 4 angle thumbs.",Single asset (plus thumb set).,"Tall pneumatic walker boot, three-quarter angle, no foot inside.",Editorial product photo on warm cream seamless.,"Editorial product photograph, medium-format film, of a single tall pneumatic walker boot on a warm cream seamless paper background, photographed at a three-quarter angle so the dark grey shell, black straps, hand-pump bulb, and rocker sole are all visible. No foot inside, brace stands on its own sole. No real brand logos. Soft natural daylight from camera-left. 4:3 composition. Plus 4 angle thumbs: 1) front (straps facing camera), 2) back (heel), 3) detail (close crop on the hand-pump valve), 4) packaging (a plain kraft retail box with the boot just visible inside). Palette: cream, dark grey, black, brushed-grey rocker sole. Slight film grain, no HDR, no glossy retouch."
PROD-07,Catalog + PDP,"/catalog, /products/UM-DIAG-0240",Product tile + PDP main,"test strip panel","Hero photo for SKU UM-DIAG-0240 — Multi-Drug Surface Test 12-panel (50 ct).","4:3 product, ~1600×1200 main + 4 angle thumbs.",Single asset (plus thumb set).,"Single 12-panel multi-drug test card laid flat on a small lab tray.",Editorial product photo on warm cream seamless.,"Editorial product photograph, medium-format film, of a single 12-panel multi-drug-of-abuse test card laid flat on a small white lab tray on a warm cream seamless paper background. Card has 12 abstract test windows in a 4x3 grid, no real brand logos. Beside the card: a small dropper bottle of buffer fluid. Soft natural daylight from camera-left. 4:3 composition. Plus 4 angle thumbs: 1) front (panel face up), 2) back, 3) detail (close crop on the test windows), 4) packaging (a 50-count kraft outer box). Palette: cream, white plastic, faint amber accents. Slight film grain, no HDR, no glossy retouch, no real brand text."
PROD-08,Catalog + PDP,"/catalog, /products/UM-CAP-9901",Product tile + PDP main,"pulse ox on finger","Hero photo for SKU UM-CAP-9901 — Clinical-Grade Pulse Oximeter (HCPCS E0445).","4:3 product, ~1600×1200 main + 4 angle thumbs.",Single asset (plus thumb set).,"Single fingertip pulse oximeter clipped on an anonymous index finger, photographed against warm cream paper.",Editorial product photo on warm cream seamless.,"Editorial product photograph, medium-format film, of a single fingertip pulse oximeter clipped onto an anonymous adult index finger (skin tone neutral, hand from camera-right, only the finger visible — no face, no wrist tattoos). Device is small, dark-grey resin housing with a small abstract LCD readout (numbers blurred / illegible — no real brand logo). Background is warm cream seamless paper. Soft natural daylight from camera-left. 4:3 composition. Plus 4 angle thumbs: 1) front (LCD facing camera), 2) back, 3) detail (close crop on the device alone, no finger), 4) packaging (a plain kraft retail box). Palette: cream, dark grey, neutral skin, faint LCD glow. Slight film grain, no HDR, no glossy retouch, no real readable digits or logos."
PROD-09,Catalog + PDP,"/catalog, /products/UM-ORTH-0701",Product tile + PDP main,"wrist orthosis","Hero photo for SKU UM-ORTH-0701 — Wrist-Hand Orthosis, Universal (HCPCS L3908).","4:3 product, ~1600×1200 main + 4 angle thumbs.",Single asset (plus thumb set).,"Universal wrist-hand orthotic brace, three-quarter angle, palm side visible.",Editorial product photo on warm cream seamless.,"Editorial product photograph, medium-format film, of a single universal wrist-hand orthosis brace on a warm cream seamless paper background, photographed at a three-quarter angle showing the palm-side metal stay, padded interior, and Velcro straps. No real brand logos. Soft natural daylight from camera-left. 4:3 composition. Plus 4 angle thumbs: 1) front (palm-side), 2) back (top of hand), 3) detail (close crop on the metal stay), 4) packaging (a plain kraft retail box). Palette: cream, dark grey, black straps, brushed-aluminum stay. Slight film grain, no HDR, no glossy retouch."
PROD-10,Catalog + PDP,"/catalog, /products/UM-PPE-1209",Product tile + PDP main,"surgical mask box","Hero photo for SKU UM-PPE-1209 — Level 3 Surgical Mask, Tie-On (50 ct).","4:3 product, ~1600×1200 main + 4 angle thumbs.",Single asset (plus thumb set).,"Open dispenser box of pale-blue tie-on surgical masks, top mask slightly pulled forward.",Editorial product photo on warm cream seamless.,"Editorial product photograph, medium-format film, of an open dispenser box of pale-blue tie-on Level-3 surgical masks on a warm cream seamless paper background. Box is plain kraft with one small abstract no-brand label. The top mask is pulled slightly forward so its tie-on strings drape over the box edge naturally. Soft natural daylight from camera-left. 4:3 composition. Plus 4 angle thumbs: 1) front (dispenser slot), 2) back, 3) detail (close crop on a single mask showing the pleat), 4) packaging (a case of 10 boxes stacked). Palette: cream, kraft brown, pale clinical blue. Slight film grain, no HDR, no glossy retouch."
PROD-11,Catalog + PDP,"/catalog, /products/UM-WND-0455",Product tile + PDP main,"silicone foam bordered","Hero photo for SKU UM-WND-0455 — Silicone Foam Border Dressing 6×6 (10 ct, HCPCS A6212).","4:3 product, ~1600×1200 main + 4 angle thumbs.",Single asset (plus thumb set).,"Single sealed foil pouch of a 6x6 silicone-foam-border wound dressing.",Editorial product photo on warm cream seamless.,"Editorial product photograph, medium-format film, of a single sealed foil-and-paper pouch of a 6x6 silicone-foam-border wound dressing on a warm cream seamless paper background. Pouch has abstract no-brand markings. Beside it lies a single unwrapped sample dressing showing the soft pink foam pad and the clear silicone-adhesive border. Soft natural daylight from camera-left. 4:3 composition. Plus 4 angle thumbs: 1) front (pouch sealed), 2) back, 3) detail (close crop on the dressing border showing the silicone adhesive), 4) packaging (a 10-count kraft outer carton). Palette: cream, soft foam pink, faint silver foil. Slight film grain, no HDR, no glossy retouch, no real brand text."
PROD-12,Catalog + PDP,"/catalog, /products/UM-CAP-7720",Product tile + PDP main,"tabletop autoclave","Hero photo for SKU UM-CAP-7720 — Tabletop Autoclave, 12L. Capital equipment.","4:3 product, ~1600×1200 main + 4 angle thumbs.",Single asset (plus thumb set).,"Compact tabletop steam autoclave on a warm cream paper background.",Editorial product photo on warm cream seamless.,"Editorial product photograph, medium-format film, of a single compact tabletop steam autoclave (~12-liter chamber) on a warm cream seamless paper background, photographed at a slight three-quarter angle. White enamel housing, brushed-stainless circular door, small abstract LCD control panel on the front (no real brand logos, illegible readout). Soft natural daylight from camera-left, gentle drop shadow. 4:3 composition. Plus 4 angle thumbs: 1) front (door facing camera), 2) back (vent and power inlet), 3) detail (close crop on the brushed-stainless door wheel), 4) packaging (the device on a wood pallet wrapped in stretch film). Palette: cream, white enamel, brushed stainless. Slight film grain, no HDR, no glossy retouch, no real brand text."
PROD-13,Catalog + PDP,"/catalog, /products/UM-IV-5621",Product tile + PDP main,"lactated ringers bag","Hero photo for SKU UM-IV-5621 — Lactated Ringer's 1000mL (12 ct).","4:3 product, ~1600×1200 main + 4 angle thumbs.",Single asset (plus thumb set).,"Single 1000mL clear Lactated Ringer's IV bag on a slim drip pole.",Editorial product photo on warm cream seamless.,"Editorial product photograph, medium-format film, of a single 1000mL clear IV-bag of Lactated Ringer's solution hanging from a slim brushed-stainless drip-pole hook against a warm cream seamless paper background. Bag is clear with abstract no-brand printing (a faint pink tint to the fluid distinguishes it from PROD-05). Soft natural daylight from camera-left. 4:3 composition. Plus 4 angle thumbs: 1) front, 2) back, 3) detail (close crop on the spike port), 4) packaging (a 12-count kraft case opened). Palette: cream, faint warm-pink fluid, brushed stainless. Slight film grain, no HDR, no glossy retouch, no real brand text."
PROD-14,Catalog + PDP,"/catalog, /products/UM-DIAG-0341",Product tile + PDP main,"a1c reader strip","Hero photo for SKU UM-DIAG-0341 — A1c Hemoglobin POC test (20 ct).","4:3 product, ~1600×1200 main + 4 angle thumbs.",Single asset (plus thumb set).,"Small handheld POC A1c reader device with a single test strip inserted, on cream paper.",Editorial product photo on warm cream seamless.,"Editorial product photograph, medium-format film, of a single small handheld point-of-care A1c hemoglobin reader on a warm cream seamless paper background, with a single white test strip inserted into its slot. Reader is small grey-resin housing, abstract LCD readout (numbers illegible, no real brand logos). Beside the reader rests a sealed foil test-strip pouch. Soft natural daylight from camera-left. 4:3 composition. Plus 4 angle thumbs: 1) front (LCD facing camera), 2) back, 3) detail (close crop on the inserted strip), 4) packaging (a 20-count kraft retail box). Palette: cream, dark grey, white strip, faint LCD glow. Slight film grain, no HDR, no glossy retouch, no real readable digits or logos."
PROD-15,Catalog + PDP,"/catalog, /products/UM-ORTH-0892",Product tile + PDP main,"cervical collar foam","Hero photo for SKU UM-ORTH-0892 — Adjustable Cervical Collar (HCPCS L0180).","4:3 product, ~1600×1200 main + 4 angle thumbs.",Single asset (plus thumb set).,"Single soft foam adjustable cervical collar on cream paper.",Editorial product photo on warm cream seamless.,"Editorial product photograph, medium-format film, of a single soft pale-grey foam adjustable cervical collar on a warm cream seamless paper background, photographed in three-quarter angle so both the chin notch and the velcro closure tab are visible. No real brand logos. Soft natural daylight from camera-left. 4:3 composition. Plus 4 angle thumbs: 1) front (chin notch facing camera), 2) back (closure tab), 3) detail (close crop on the foam texture and edge binding), 4) packaging (a plain kraft retail box). Palette: cream, soft pale grey foam, white binding. Slight film grain, no HDR, no glossy retouch."
PROD-16,Catalog + PDP,"/catalog, /products/UM-PPE-1350",Product tile + PDP main,"isolation gown packed","Hero photo for SKU UM-PPE-1350 — AAMI Level 3 Isolation Gown (10 ct).","4:3 product, ~1600×1200 main + 4 angle thumbs.",Single asset (plus thumb set).,"Single folded AAMI Level 3 isolation gown in its sealed clear retail pack.",Editorial product photo on warm cream seamless.,"Editorial product photograph, medium-format film, of a single folded AAMI Level 3 isolation gown sealed inside its clear plastic retail pouch, on a warm cream seamless paper background. Gown is pale clinical blue, neatly folded so its tie-back straps are visible through the clear pouch. Pouch has a small abstract no-brand label. Soft natural daylight from camera-left. 4:3 composition. Plus 4 angle thumbs: 1) front (pouch face-up), 2) back, 3) detail (close crop on the cuff and the AAMI level marking — abstract / illegible), 4) packaging (a 10-count kraft outer carton). Palette: cream, pale clinical blue, clear plastic. Slight film grain, no HDR, no glossy retouch, no real brand text."
